years	rs	rs_l95	rs_u95	approved	supported
All	2.0011848532232843	1.7226370445055166	2.324773421971696	124	356
2007-2010	2.2963955913017573	1.7043862998108643	3.0940360834485356	26	63
2011-2014	1.9100520169054944	1.4649674463697109	2.490361622932632	37	108
2015-2018	2.1438396438396436	1.7827920048253094	2.5780059625905953	75	198
2019-2022	2.2420486834507303	1.9219871460356148	2.615408906002125	109	279
