association_source	rs	rs_l95	rs_u95	approved	supported
All germline	2.0813484947574947	1.8373739690058748	2.3577190216606567	189	535
OMIM	2.5396324346395605	2.141194640886924	3.0122123322715106	79	177
All GWAS	1.9029472632555486	1.643549952534714	2.203284592078924	134	405
All OTG	1.9399081481254874	1.6707440064393628	2.2524358062392604	127	376
GWAS Catalog	2.0011848532232843	1.7226370445055166	2.324773421971696	124	356
Neale UKBB	2.46070573540127	1.942342898266827	3.1174066750210327	40	91
FinnGen	2.33371529879789	1.734952026703796	3.139122587839224	26	62
PICCOLO	1.8182618261826182	1.3691136321902222	2.4147565189779727	33	101
Genebass	1.8898546964193046	1.232398494386295	2.898048634306917	14	41
