association_source	rs	rs_l95	rs_u95	approved	supported
All germline	2.5109964155714244	2.163368940937052	2.9144834612821606	147	493
OMIM	3.1753240901659394	2.600923862332619	3.876577559077632	64	162
All GWAS	2.261820819731592	1.9001386998641718	2.6923473643987084	104	375
All OTG	2.3158866995073892	1.9397558075527936	2.764951744993941	99	348
GWAS Catalog	2.381245560028416	1.991546504866967	2.8471996025690682	96	328
Neale UKBB	2.840920523138833	2.11232270658559	3.8208316341196302	29	80
FinnGen	2.960212201591512	2.1191332511420597	4.1351133883292714	22	58
PICCOLO	2.0947809597690004	1.4907671738929733	2.943522869471078	25	93
Genebass	2.089858861823324	1.2269513750977497	3.5596439687705836	10	37
