or_range	min_or	max_or	rs	rs_l95	rs_u95	approved	supported
OR 1.0 - 1.2	1	1.2	2.6576067060642963	2.0849021542515764	3.38762823459852	46	137
OR ≥1.2	1.2	1e100	2.3943553953524046	1.65518098486039	3.463631960305977	20	65
