years	rs	rs_l95	rs_u95	approved	supported
All	2.0011848532232843	1.7226370445055166	2.324773421971696	124	356
2007-2010	2.2963955913017573	1.7043862998108643	3.0940360834485356	26	63
2011-2014	1.6702987176636275	1.1439006785102848	2.4389336055487565	19	63
2015-2018	1.9092524957389823	1.4692764852660058	2.4809796719952115	38	111
2019-2022	1.9235333944004143	1.4949258767589109	2.4750262049081395	41	119
