label	rs_unfiltered	rs_filtered	difference
All germline	2.3848265023303346	2.5109964155714244	-0.12616991324108984
OMIM	3.0434773116765452	3.1753240901659394	-0.1318467784893942
All GWAS	2.160708829819737	2.261820819731592	-0.1011119899118551
All OTG	2.21330700981626	2.3158866995073892	-0.10257968969112907
GWAS Catalog	2.276215628398322	2.381245560028416	-0.105029931630094
Neale UKBB	2.7342945969125214	2.840920523138833	-0.1066259262263114
FinnGen	2.8511332569009613	2.960212201591512	-0.1090789446905509
PICCOLO	2.0177373403179852	2.0947809597690004	-0.07704361945101512
Genebass	2.0157372562435856	2.089858861823324	-0.07412160557973824
