label	pipeline_obj	y	mean	l95	u95	numerator	denominator
All germline	hist_ti_germline	9	2.5532276330690826	2.188256114199218	2.9790714642436344	145	580
OMIM	hist_ti_omim	8	3.1643692806672075	2.5406025678901787	3.9412826984370493	58	178
All GWAS	hist_ti_gwas	7	2.3155561076762834	1.9388531726931542	2.765449268316259	106	454
All OTG	hist_ti_otg	6	2.3547824302134646	1.9636775508661877	2.8237835133350195	100	420
GWAS Catalog	hist_ti_gwascat	5	2.393549226167252	1.990399516259192	2.8783557528456534	96	396
Neale UKBB	hist_ti_ukbb	4	3.072273579416898	2.2752850079450675	4.148431916803191	30	93
FinnGen	hist_ti_finngen	3	2.8145720272956853	1.9732520538343963	4.014598987210874	22	74
PICCOLO	hist_ti_pic	2	1.9988478327897052	1.4137412809579963	2.826113032464254	26	123
Genebass	hist_ti_genebass	1	2.640272325809617	1.5128112274163348	4.608002524109806	9	32
