years	rs	rs_l95	rs_u95	approved	supported
All	2.381245560028416	1.991546504866967	2.8471996025690682	96	328
2007-2010	2.7332038970806876	1.9111010999641131	3.9089525630838353	20	57
2011-2014	2.1632988951536682	1.4388019216284067	3.252610411081818	17	61
2015-2018	2.221880301416341	1.6242210307986116	3.039458288133742	29	102
2019-2022	2.1713102830927604	1.5931753938073587	2.959239995665182	30	108
