label	rs_unfiltered	rs_filtered	difference
All germline	1.9565443693902103	2.0813484947574947	-0.12480412536728447
OMIM	2.4069629658725638	2.5396324346395605	-0.1326694687669967
All GWAS	1.7978736765890169	1.9029472632555486	-0.10507358666653177
All OTG	1.833557870311668	1.9399081481254874	-0.10635027781381945
GWAS Catalog	1.8915907465459967	2.0011848532232843	-0.10959410667728764
Neale UKBB	2.339507517977773	2.46070573540127	-0.12119821742349712
FinnGen	2.2212370124571614	2.33371529879789	-0.11247828634072876
PICCOLO	1.7302818317949178	1.8182618261826182	-0.08797999438770043
Genebass	1.8005474527107082	1.8898546964193046	-0.08930724370859644
