tranche	minyear	maxyear	label	abbr	firstyear	minusomim	mean	l95	u95	numerator	denominator	y	frac
1	2007	2022	All	b	TRUE	FALSE	2.393549226167252	1.990399516259192	2.8783557528456534	96	396	5	96/396
2	2007	2010	2007-2010	b	TRUE	FALSE	2.780695611577965	1.915328459021764	4.037045472711315	20	68	4	20/68
3	2011	2014	2011-2014	b	TRUE	FALSE	2.0261052473425236	1.3244300088776264	3.0995239052214867	17	79	3	17/79
4	2015	2018	2015-2018	b	TRUE	FALSE	2.2736207281661827	1.6464818375434056	3.139634521119122	29	121	2	29/121
5	2019	2022	2019-2022	b	TRUE	FALSE	2.223979208416834	1.6172668676758437	3.0582976862552864	30	128	1	30/128
