tranche	minyear	maxyear	label	abbr	firstyear	minusomim	mean	l95	u95	numerator	denominator	y	frac
1	2007	2022	All	a	FALSE	FALSE	2.393549226167252	1.990399516259192	2.8783557528456534	96	396	5	96/396
2	2007	2010	2007-2010	a	FALSE	FALSE	2.780695611577965	1.915328459021764	4.037045472711315	20	68	4	20/68
3	2011	2014	2011-2014	a	FALSE	FALSE	2.2179114598469436	1.6042327040648257	3.0663451949684366	29	124	3	29/124
4	2015	2018	2015-2018	a	FALSE	FALSE	2.560758838205526	2.037531295038769	3.2183485198066344	58	219	2	58/219
5	2019	2022	2019-2022	a	FALSE	FALSE	2.7557278004130157	2.278169789636213	3.3333932108641484	85	304	1	85/304
