tranche	minyear	maxyear	label	abbr	firstyear	minusomim	mean	l95	u95	numerator	denominator	y	frac
1	2007	2022	All	a	FALSE	FALSE	2.4460600258603544	2.0883342499130944	2.8650632198178756	124	457	5	124/457
2	2007	2010	2007-2010	a	FALSE	FALSE	2.7855163707310675	2.022132007902615	3.8370894784750633	26	81	4	26/81
3	2011	2014	2011-2014	a	FALSE	FALSE	2.3335950753720134	1.764131660155155	3.0868818347274414	37	138	3	37/138
4	2015	2018	2015-2018	a	FALSE	FALSE	2.6670167285476842	2.1939195507462936	3.242132660668259	75	249	2	75/249
5	2019	2022	2019-2022	a	FALSE	FALSE	2.7136321960354524	2.3024389073065437	3.1982606235466053	109	361	1	109/361
