tranche	minyear	maxyear	label	abbr	firstyear	minusomim	mean	l95	u95	numerator	denominator	y	frac
1	2007	2022	All	b	TRUE	FALSE	2.4550915750915747	2.096141485393663	2.8755094463261615	124	455	5	124/455
2	2007	2010	2007-2010	b	TRUE	FALSE	2.8172471533824517	2.047001231114118	3.8773213237989763	26	80	4	26/80
3	2011	2014	2011-2014	b	TRUE	FALSE	2.04915	1.3797679416141977	3.0432767684017574	19	80	3	19/80
4	2015	2018	2015-2018	b	TRUE	FALSE	2.3781034591637966	1.8059298773706158	3.131559056280129	38	139	2	38/139
5	2019	2022	2019-2022	b	TRUE	FALSE	2.2878543423198363	1.751483171147444	2.988482891469984	41	156	1	41/156
