label	pipeline_obj	y	mean	l95	u95	numerator	denominator
All germline	hist_ti_germline	9	2.5969789886063572	2.266462217335332	2.9756948144461615	184	779
OMIM	hist_ti_omim	8	3.434824217451984	2.805465937146627	4.20536825936091	67	205
All GWAS	hist_ti_gwas	7	2.3260365169048005	1.989314567201504	2.719753812282105	137	632
All OTG	hist_ti_otg	6	2.361081293042178	2.010330535290875	2.773028999207396	128	580
GWAS Catalog	hist_ti_gwascat	5	2.43293129344144	2.068077755894621	2.862152867190478	124	545
Neale UKBB	hist_ti_ukbb	4	3.350651951638575	2.5926965061277993	4.3301900066146795	41	127
FinnGen	hist_ti_finngen	3	2.731299279155002	1.9578336336025592	3.810331799533798	26	98
PICCOLO	hist_ti_pic	2	2.24231884057971	1.666142537466516	3.0177452827440225	35	161
Genebass	hist_ti_genebass	1	2.886028669493236	1.7452388950091602	4.77250507363531	11	39
