tranche	minyear	maxyear	label	abbr	firstyear	minusomim	mean	l95	u95	numerator	denominator	y	frac
1	2007	2022	All	b	TRUE	FALSE	2.4374687239366137	2.071898178963751	2.8675413881297347	124	545	5	124/545
2	2007	2010	2007-2010	b	TRUE	FALSE	2.884062317040083	2.073905141364914	4.010701976029796	26	93	4	26/93
3	2011	2014	2011-2014	b	TRUE	FALSE	1.9306734374693253	1.2838958014124868	2.903272927638509	19	101	3	19/101
4	2015	2018	2015-2018	b	TRUE	FALSE	2.3692924307672456	1.784730248281882	3.1453193713139522	38	166	2	38/166
5	2019	2022	2019-2022	b	TRUE	FALSE	2.2955897547446846	1.7448339230884218	3.020191350223829	41	185	1	41/185
