tranche	minyear	maxyear	label	abbr	firstyear	minusomim	mean	l95	u95	numerator	denominator	y	frac
1	2007	2022	All	a	FALSE	FALSE	2.4713434058866315	2.1100380688791223	2.894515658223993	124	454	5	124/454
2	2007	2010	2007-2010	a	FALSE	FALSE	2.864510079699953	2.083282655945128	3.938696447784738	26	79	4	26/79
3	2011	2014	2011-2014	a	FALSE	FALSE	2.392848886878738	1.8108226218133037	3.161947352802145	37	135	3	37/135
4	2015	2018	2015-2018	a	FALSE	FALSE	2.7312890999589023	2.2484101931064617	3.317873300177253	75	244	2	75/244
5	2019	2022	2019-2022	a	FALSE	FALSE	2.738437727242022	2.3236431564229254	3.2272774609362407	109	359	1	109/359
