association_source	rs	rs_l95	rs_u95	approved	supported	x_yes	n_yes	x_no	n_no	n_total
All germline	2.632249664641364	2.309212567847914	3.000476609852274	189	667	189	667	1330	12355	13022
OMIM	3.665979456018518	3.0742625879816523	4.3715866772373575	79	192	79	192	1440	12830	13022
All GWAS	2.2984777147877176	1.9696881807434545	2.68215033070956	134	526	134	526	1385	12496	13022
All OTG	2.3634552816566927	2.019315397200583	2.7662448749386996	127	484	127	484	1392	12538	13022
GWAS Catalog	2.4550915750915747	2.096141485393663	2.8755094463261615	124	455	124	455	1395	12567	13022
Neale UKBB	3.1746265904480917	2.467902910296528	4.083731959929143	40	110	40	110	1479	12912	13022
FinnGen	2.853128947747717	2.0750492730558636	3.9229645763967578	26	79	26	79	1493	12943	13022
PICCOLO	2.291257065948856	1.7032093658130174	3.0823332983227045	33	125	33	125	1486	12897	13022
Genebass	2.6240647118301315	1.6908844057533474	4.0722568547223235	14	46	14	46	1505	12976	13022
