label	pipeline_obj	y	mean	l95	u95	numerator	denominator
All germline	hist_ti_germline	9	2.6344837744742566	2.3023644713506384	3.0145117527359218	188	788
OMIM	hist_ti_omim	8	3.5888533122979407	2.966863493198302	4.341240548046686	75	221
All GWAS	hist_ti_gwas	7	2.3304171770790796	1.9930238535744016	2.724926853978814	137	632
All OTG	hist_ti_otg	6	2.3654975930838	2.0140546671689457	2.7782656320598638	128	580
GWAS Catalog	hist_ti_gwascat	5	2.4374687239366137	2.071898178963751	2.8675413881297347	124	545
Neale UKBB	hist_ti_ukbb	4	3.356527617146448	2.597217156439558	4.337826591331852	41	127
FinnGen	hist_ti_finngen	3	2.7360354500365887	1.9612138390291252	3.8169677548077656	26	98
PICCOLO	hist_ti_pic	2	2.2462315936220265	1.6690356467596357	3.0230369147486393	35	161
Genebass	hist_ti_genebass	1	2.890979281511826	1.7482240984019706	4.7807150203285484	11	39
