max_phase_number	max_phase	n_with_omim_support	n_with_established_gwas_support	n_with_novel_gwas_support	n_with_any_genetic_support	n_ti_pairs_total	pg_omim_mean	pg_omim_l95	pg_omim_u95	pg_novel_mean	pg_novel_l95	pg_novel_u95	pg_estab_mean	pg_estab_l95	pg_estab_u95	pg_all_mean	pg_all_l95	pg_all_u95
1	Preclinical	2	9	7	16	177	0.011299435028248588	0.0031042018316274566	0.040256755726611436	0.03954802259887006	0.01928689519603748	0.07937111683860379	0.05084745762711865	0.026978572162047118	0.0937982616631551	0.0903954802259887	0.05640769715834855	0.14178501293381698
2	Phase I	0	0	4	4	36	0	0	0.09641862859446362	0.1111111111111111	0.04406640300315648	0.25314808590364857	0	0	0.09641862859446362	0.1111111111111111	0.04406640300315648	0.25314808590364857
3	Phase II	0	0	3	3	52	0	0	0.0687922361238623	0.057692307692307696	0.019814172112270597	0.15642511368960757	0	0	0.0687922361238623	0.057692307692307696	0.019814172112270597	0.15642511368960757
4	Phase III	0	0	0	0	7	0	0	0.3543304350666873	0	0	0.3543304350666873	0	0	0.3543304350666873	0	0	0.3543304350666873
5	Launched	4	5	2	7	12	0.3333333333333333	0.13812009109121318	0.6093779111272004	0.16666666666666666	0.04696514218385383	0.44803086225297334	0.4166666666666667	0.19326031365875665	0.6804886874504502	0.5833333333333334	0.31951131254954984	0.8067396863412435
