maxphasenum	maxphase	n_omim	n_estab	n_novel	n_all	n_total	y	omim_mean	omim_l95	omim_u95	novel_mean	novel_l95	novel_u95	estab_mean	estab_l95	estab_u95	all_mean	all_l95	all_u95
1	Preclinical	2	9	7	16	177	5	0.011299435028248588	0.0031042018316274566	0.040256755726611436	0.03954802259887006	0.01928689519603748	0.07937111683860379	0.05084745762711865	0.026978572162047118	0.0937982616631551	0.0903954802259887	0.05640769715834855	0.14178501293381698
2	Phase I	0	0	4	4	36	4	0	0	0.09641862859446362	0.1111111111111111	0.04406640300315648	0.25314808590364857	0	0	0.09641862859446362	0.1111111111111111	0.04406640300315648	0.25314808590364857
3	Phase II	0	0	3	3	52	3	0	0	0.0687922361238623	0.057692307692307696	0.019814172112270597	0.15642511368960757	0	0	0.0687922361238623	0.057692307692307696	0.019814172112270597	0.15642511368960757
4	Phase III	0	0	0	0	7	2	0	0	0.3543304350666873	0	0	0.3543304350666873	0	0	0.3543304350666873	0	0	0.3543304350666873
5	Launched	4	5	2	7	12	1	0.3333333333333333	0.13812009109121318	0.6093779111272004	0.16666666666666666	0.04696514218385383	0.44803086225297334	0.4166666666666667	0.19326031365875665	0.6804886874504502	0.5833333333333334	0.31951131254954984	0.8067396863412435
