first_assoc_year	supported_launched	supported_total_phase_i_through_launch	proportion_launched	proportion_l95	proportion_u95
2007	1	8	0.125	0.02241749145005667	0.4708881822128534
2008	10	20	0.5	0.2992980081982124	0.7007019918017876
2009	2	18	0.1111111111111111	0.031019522645612387	0.32799765130178793
2010	6	25	0.24	0.11496313693401446	0.43429683355429083
2011	3	20	0.15	0.05236874589621661	0.3604188647407569
2012	7	33	0.21212121212121213	0.10676021533020799	0.3775164499215068
2013	5	23	0.21739130434782608	0.09663978026586202	0.41903483016264
2014	2	9	0.2222222222222222	0.06322510711784675	0.547411030893011
2015	3	17	0.17647058823529413	0.06191126637620996	0.41029458568834115
2016	9	25	0.36	0.20247880774458227	0.5548150225183514
2017	6	33	0.18181818181818182	0.08610768208940668	0.3438823163466992
2018	12	66	0.18181818181818182	0.10718606405608065	0.29145192677071835
2019	10	37	0.2702702702702703	0.15397461511049093	0.42978168324714267
2020	13	58	0.22413793103448276	0.13593660611409744	0.3466111763891869
2021	14	69	0.2028985507246377	0.12489333067903492	0.31224040244779294
2022	0	3	0	0	0.5614970317550454
