tranche	minyear	maxyear	label	abbr	firstyear	minusomim	mean	l95	u95	numerator	denominator	y	frac
1	2007	2022	All	a	FALSE	FALSE	2.43293129344144	2.068077755894621	2.862152867190478	124	545	5	124/545
2	2007	2010	2007-2010	a	FALSE	FALSE	2.8790696680134245	2.070330688111382	4.003728583493318	26	93	4	26/93
3	2011	2014	2011-2014	a	FALSE	FALSE	2.315475179026581	1.7363145940212967	3.0878190640966396	37	165	3	37/165
4	2015	2018	2015-2018	a	FALSE	FALSE	2.6616878008145135	2.1758315137209814	3.2560342583186315	75	296	2	75/296
5	2019	2022	2019-2022	a	FALSE	FALSE	2.715498879291135	2.2922630789596417	3.216879524482032	109	428	1	109/428
