source	orphan	pipeline_obj	label	y	mean	l95	u95	numerator	denominator
OMIM	orphan	combined_ti_omim_orphan	OMIM orphan	4	2.5393577384824653	1.971730220648953	3.27039554217942	42	111
OMIM	non-orphan	combined_ti_omim_nonorphan	OMIM non-orphan	3	3.530030177250493	2.941745951809686	4.235958256229908	75	189
OTG	orphan	combined_ti_otg_orphan	OTG orphan	2	2.0898033420484254	1.5748074258668079	2.773214004901536	36	114
OTG	non-orphan	combined_ti_otg_nonorphan	OTG non-orphan	1	2.3705575738429947	2.0267252053550253	2.7727208385509763	128	487
