years	rs	rs_l95	rs_u95	approved	supported	x_yes	n_yes	x_no	n_no	n_total
All	2.4550915750915747	2.096141485393663	2.8755094463261615	124	455	124	455	1395	12567	13022
2007-2010	2.8172471533824517	2.047001231114118	3.8773213237989763	26	80	26	80	1493	12942	13022
2011-2014	2.36555330634278	1.789538760689943	3.1269747088304607	37	136	37	136	1482	12886	13022
2015-2018	2.7086748826954605	2.229508559483269	3.290823705940711	75	245	75	245	1444	12777	13022
2019-2022	2.718987391646966	2.3070365679608926	3.204497292589291	109	360	109	360	1410	12662	13022
