years	rs	rs_l95	rs_u95	approved	supported
All	2.4550915750915747	2.096141485393663	2.8755094463261615	124	455
2007-2010	2.8172471533824517	2.047001231114118	3.8773213237989763	26	80
2011-2014	2.04915	1.3797679416141977	3.0432767684017574	19	80
2015-2018	2.3781034591637966	1.8059298773706158	3.131559056280129	38	139
2019-2022	2.2878543423198363	1.751483171147444	2.988482891469984	41	156
