label	rs_unfiltered	rs_filtered	difference
All germline	2.46418349266925	2.632249664641364	-0.16806617197211393
OMIM	3.4634451602007337	3.665979456018518	-0.20253429581778448
All GWAS	2.1640279622318848	2.2984777147877176	-0.1344497525558328
All OTG	2.226230440197087	2.3634552816566927	-0.13722484145960578
GWAS Catalog	2.312756922031595	2.4550915750915747	-0.14233465305997983
Neale UKBB	3.010192525481314	3.1746265904480917	-0.1644340649667777
FinnGen	2.7087185322144784	2.853128947747717	-0.14441041553323863
PICCOLO	2.17453807106599	2.291257065948856	-0.11671899488286597
Genebass	2.493716032608696	2.6240647118301315	-0.13034867922143567
