tranche	minyear	maxyear	label	abbr	firstyear	minusomim	mean	l95	u95	numerator	denominator	y	frac
1	2007	2022	All	a	FALSE	FALSE	2.4550915750915747	2.096141485393663	2.8755094463261615	124	455	5	124/455
2	2007	2010	2007-2010	a	FALSE	FALSE	2.8172471533824517	2.047001231114118	3.8773213237989763	26	80	4	26/80
3	2011	2014	2011-2014	a	FALSE	FALSE	2.36555330634278	1.789538760689943	3.1269747088304607	37	136	3	37/136
4	2015	2018	2015-2018	a	FALSE	FALSE	2.7086748826954605	2.229508559483269	3.290823705940711	75	245	2	75/245
5	2019	2022	2019-2022	a	FALSE	FALSE	2.718987391646966	2.3070365679608926	3.204497292589291	109	360	1	109/360
