tranche	minyear	maxyear	label	abbr	firstyear	minusomim	mean	l95	u95	numerator	denominator	y	frac
1	2007	2022	All	b	TRUE	FALSE	2.43293129344144	2.068077755894621	2.862152867190478	124	545	5	124/545
2	2007	2010	2007-2010	b	TRUE	FALSE	2.8790696680134245	2.070330688111382	4.003728583493318	26	93	4	26/93
3	2011	2014	2011-2014	b	TRUE	FALSE	1.9273491992998772	1.2816929788197946	2.8982564447395314	19	101	3	19/101
4	2015	2018	2015-2018	b	TRUE	FALSE	2.3651560148409265	1.7816303864210608	3.1397999367171585	38	166	2	38/166
5	2019	2022	2019-2022	b	TRUE	FALSE	2.2915735012120555	1.7417974653807458	3.014879293276142	41	185	1	41/185
