or_range	min_or	max_or	rs	rs_l95	rs_u95	approved	supported
OR 1.0 - 1.2	1	1.2	2.5793011975140216	2.0468540256279244	3.2502536009896223	53	180
OR ≥1.2	1.2	1e100	2.1607620320855614	1.511858313170122	3.088181292275076	23	92
