source	orphan	pipeline_obj	label	y	mean	l95	u95	numerator	denominator
OMIM	orphan	combined_ti_omim_orphan	OMIM orphan	4	2.5675151515151513	1.9943855814267877	3.305345824122858	42	110
OMIM	non-orphan	combined_ti_omim_nonorphan	OMIM non-orphan	3	3.5992676790367506	3.00185810113662	4.3155696868061275	75	186
OTG	orphan	combined_ti_otg_orphan	OTG orphan	2	2.1120167675826735	1.5920754523520462	2.8017609466690123	36	113
OTG	non-orphan	combined_ti_otg_nonorphan	OTG non-orphan	1	2.3788086860781004	2.0324390011343594	2.784206936494688	127	483
