tranche	minyear	maxyear	label	abbr	firstyear	minusomim	mean	l95	u95	numerator	denominator	y	frac
1	2007	2022	All	b	TRUE	FALSE	2.4460600258603544	2.0883342499130944	2.8650632198178756	124	457	5	124/457
2	2007	2010	2007-2010	b	TRUE	FALSE	2.7855163707310675	2.022132007902615	3.8370894784750633	26	81	4	26/81
3	2011	2014	2011-2014	b	TRUE	FALSE	2.026151950584645	1.363294309458101	3.011302620701016	19	81	3	19/81
4	2015	2018	2015-2018	b	TRUE	FALSE	2.346701225706609	1.780879543836019	3.092295973522608	38	141	2	38/141
5	2019	2022	2019-2022	b	TRUE	FALSE	2.320572787373592	1.7776614573964566	3.029293366907858	41	154	1	41/154
