source	orphan	pipeline_obj	label	y	mean	l95	u95	numerator	denominator
OMIM	orphan	hist_ti_omim_orphan	OMIM orphan	4	2.67641564818274	2.063792195221267	3.470892436953635	42	123
OMIM	non-orphan	hist_ti_omim_nonorphan	OMIM non-orphan	3	3.5888533122979407	2.966863493198302	4.341240548046686	75	221
OTG	orphan	hist_ti_otg_orphan	OTG orphan	2	2.1046534459061457	1.572867052475576	2.8162368334900303	36	132
OTG	non-orphan	hist_ti_otg_nonorphan	OTG non-orphan	1	2.3654975930838	2.0140546671689457	2.7782656320598638	128	580
