source	rs	rs_l95	rs_u95	approved	supported
All germline	2.622032747032747	2.299612610551711	2.989658212416337	188	666
OMIM	3.530030177250493	2.941745951809686	4.235958256229908	75	189
All GWAS	2.3384594576317035	2.007804586584666	2.7235681557481928	137	530
All OTG	2.3705575738429947	2.0267252053550253	2.7727208385509763	128	487
GWAS Catalog	2.4460600258603544	2.0883342499130944	2.8650632198178756	124	457
Neale UKBB	3.17252779212146	2.4733400595698107	4.0693686874313855	41	113
FinnGen	2.820551128818061	2.049463823554632	3.8817512067515505	26	80
PICCOLO	2.341606289502081	1.7570714077046912	3.1206016960906835	35	130
Genebass	3.060571355856716	1.8995022299304536	4.931342999599202	11	31
