tranche	minyear	maxyear	label	abbr	firstyear	minusomim	mean	l95	u95	numerator	denominator	y	frac
1	2007	2022	All	a	FALSE	FALSE	2.4374687239366137	2.071898178963751	2.8675413881297347	124	545	5	124/545
2	2007	2010	2007-2010	a	FALSE	FALSE	2.884062317040083	2.073905141364914	4.010701976029796	26	93	4	26/93
3	2011	2014	2011-2014	a	FALSE	FALSE	2.319521637782507	1.7393335752595789	3.0932425525898926	37	165	3	37/165
4	2015	2018	2015-2018	a	FALSE	FALSE	2.6664726669016305	2.179714024239448	3.2619308791273034	75	296	2	75/296
5	2019	2022	2019-2022	a	FALSE	FALSE	2.7205078779201504	2.2964533434998162	3.222866745703685	109	428	1	109/428
