tranche	minyear	maxyear	label	abbr	firstyear	minusomim	mean	l95	u95	numerator	denominator	y	frac
1	2007	2022	All	b	TRUE	FALSE	2.4713434058866315	2.1100380688791223	2.894515658223993	124	454	5	124/454
2	2007	2010	2007-2010	b	TRUE	FALSE	2.864510079699953	2.083282655945128	3.938696447784738	26	79	4	26/79
3	2011	2014	2011-2014	b	TRUE	FALSE	2.0572721179624667	1.385213539417367	3.0553907010798818	19	80	3	19/80
4	2015	2018	2015-2018	b	TRUE	FALSE	2.38767845194313	1.813156092459401	3.1442457787186875	38	139	2	38/139
5	2019	2022	2019-2022	b	TRUE	FALSE	2.297087039944183	1.7585061534922626	3.0006200766489073	41	156	1	41/156
